name,address,app_bin_offset,size
FUN_01e00174,0x01E00174,0x0000B4,0x2C
FUN_01e001a0,0x01E001A0,0x0000E0,0xC0
FUN_01e00260,0x01E00260,0x0001A0,0x10E
FUN_01e0036e,0x01E0036E,0x0002AE,0x6C
FUN_01e003da,0x01E003DA,0x00031A,0x2A
FUN_01e00404,0x01E00404,0x000344,0x6
FUN_01e0040a,0x01E0040A,0x00034A,0x22
FUN_01e0042c,0x01E0042C,0x00036C,0x9C
FUN_01e004c8,0x01E004C8,0x000408,0x32
FUN_01e004fa,0x01E004FA,0x00043A,0x3E
FUN_01e00538,0x01E00538,0x000478,0x1AC
FUN_01e006e4,0x01E006E4,0x000624,0x2B0
FUN_01e00994,0x01E00994,0x0008D4,0x32
FUN_01e009c6,0x01E009C6,0x000906,0x1A
FUN_01e009e0,0x01E009E0,0x000920,0x16
FUN_01e009f6,0x01E009F6,0x000936,0xCEA
FUN_01e016e0,0x01E016E0,0x001620,0x1E
FUN_01e016fe,0x01E016FE,0x00163E,0x112
FUN_01e01810,0x01E01810,0x001750,0x450
FUN_01e01c60,0x01E01C60,0x001BA0,0x2C
FUN_01e01c8c,0x01E01C8C,0x001BCC,0x108
FUN_01e01d94,0x01E01D94,0x001CD4,0x18
FUN_01e01dac,0x01E01DAC,0x001CEC,0x2C
FUN_01e01dd8,0x01E01DD8,0x001D18,0xAE
FUN_01e01e86,0x01E01E86,0x001DC6,0x8
FUN_01e01e8e,0x01E01E8E,0x001DCE,0x38
FUN_01e01ec6,0x01E01EC6,0x001E06,0x22
FUN_01e01ee8,0x01E01EE8,0x001E28,0x3A
FUN_01e01f22,0x01E01F22,0x001E62,0x8
FUN_01e01f2a,0x01E01F2A,0x001E6A,0x4
FUN_01e01f2e,0x01E01F2E,0x001E6E,0x3E
FUN_01e01f6c,0x01E01F6C,0x001EAC,0x2A4
FUN_01e02210,0x01E02210,0x002150,0x464
FUN_01e02674,0x01E02674,0x0025B4,0x3C
FUN_01e026b0,0x01E026B0,0x0025F0,0x1E
FUN_01e026ce,0x01E026CE,0x00260E,0x90
FUN_01e0275e,0x01E0275E,0x00269E,0x7DC
FUN_01e02f3a,0x01E02F3A,0x002E7A,0x44
FUN_01e02f7e,0x01E02F7E,0x002EBE,0xAC
FUN_01e0302a,0x01E0302A,0x002F6A,0x60
FUN_01e0308a,0x01E0308A,0x002FCA,0x22
FUN_01e030ac,0x01E030AC,0x002FEC,0x3A
FUN_01e030e6,0x01E030E6,0x003026,0x22
FUN_01e03108,0x01E03108,0x003048,0x3A
FUN_01e03142,0x01E03142,0x003082,0xC3E
FUN_01e03d80,0x01E03D80,0x003CC0,0x3A
FUN_01e03dba,0x01E03DBA,0x003CFA,0xDE
FUN_01e03e98,0x01E03E98,0x003DD8,0x1E
FUN_01e03eb6,0x01E03EB6,0x003DF6,0x1E
FUN_01e03ed4,0x01E03ED4,0x003E14,0x4
FUN_01e03ed8,0x01E03ED8,0x003E18,0x4
FUN_01e03edc,0x01E03EDC,0x003E1C,0x4
FUN_01e03ee0,0x01E03EE0,0x003E20,0x4
FUN_01e03ee4,0x01E03EE4,0x003E24,0x75C
FUN_01e04640,0x01E04640,0x004580,0x20
FUN_01e04660,0x01E04660,0x0045A0,0x22
FUN_01e04682,0x01E04682,0x0045C2,0x182
FUN_01e04804,0x01E04804,0x004744,0x16
FUN_01e0481a,0x01E0481A,0x00475A,0x40
FUN_01e0485a,0x01E0485A,0x00479A,0x1E
FUN_01e04878,0x01E04878,0x0047B8,0x42
FUN_01e048ba,0x01E048BA,0x0047FA,0xA
FUN_01e048c4,0x01E048C4,0x004804,0x20
FUN_01e048e4,0x01E048E4,0x004824,0x22
FUN_01e04906,0x01E04906,0x004846,0x20
FUN_01e04926,0x01E04926,0x004866,0x14
FUN_01e0493a,0x01E0493A,0x00487A,0x20
FUN_01e0495a,0x01E0495A,0x00489A,0x33C
FUN_01e04c96,0x01E04C96,0x004BD6,0x318
FUN_01e04fae,0x01E04FAE,0x004EEE,0x9A
FUN_01e05048,0x01E05048,0x004F88,0x36
FUN_01e0507e,0x01E0507E,0x004FBE,0x2C
FUN_01e050aa,0x01E050AA,0x004FEA,0x1E
FUN_01e050c8,0x01E050C8,0x005008,0x96
FUN_01e0515e,0x01E0515E,0x00509E,0x7A
FUN_01e051d8,0x01E051D8,0x005118,0xA0
FUN_01e05278,0x01E05278,0x0051B8,0x52
FUN_01e052ca,0x01E052CA,0x00520A,0x40
FUN_01e0530a,0x01E0530A,0x00524A,0x2A
FUN_01e05334,0x01E05334,0x005274,0x4A
FUN_01e0537e,0x01E0537E,0x0052BE,0x1E
FUN_01e0539c,0x01E0539C,0x0052DC,0x2EC
FUN_01e05688,0x01E05688,0x0055C8,0x15AA
FUN_01e06c32,0x01E06C32,0x006B72,0x24
FUN_01e06c56,0x01E06C56,0x006B96,0x606
FUN_01e0725c,0x01E0725C,0x00719C,0x74
FUN_01e072d0,0x01E072D0,0x007210,0x5E
FUN_01e0732e,0x01E0732E,0x00726E,0x10C
FUN_01e0743a,0x01E0743A,0x00737A,0xE
FUN_01e07448,0x01E07448,0x007388,0x184
FUN_01e075cc,0x01E075CC,0x00750C,0x40
FUN_01e0760c,0x01E0760C,0x00754C,0x18
FUN_01e07624,0x01E07624,0x007564,0xCA
FUN_01e076ee,0x01E076EE,0x00762E,0x76
FUN_01e07764,0x01E07764,0x0076A4,0xA4
FUN_01e07808,0x01E07808,0x007748,0x6A2
FUN_01e07eaa,0x01E07EAA,0x007DEA,0x32
FUN_01e07edc,0x01E07EDC,0x007E1C,0x1C
FUN_01e07ef8,0x01E07EF8,0x007E38,0x36
FUN_01e07f2e,0x01E07F2E,0x007E6E,0x4C
FUN_01e07f7a,0x01E07F7A,0x007EBA,0x1E
FUN_01e07f98,0x01E07F98,0x007ED8,0x50
FUN_01e07fe8,0x01E07FE8,0x007F28,0xA6
FUN_01e0808e,0x01E0808E,0x007FCE,0x278
FUN_01e08306,0x01E08306,0x008246,0x5D0
FUN_01e088d6,0x01E088D6,0x008816,0xA0
FUN_01e08976,0x01E08976,0x0088B6,0x46
FUN_01e089bc,0x01E089BC,0x0088FC,0x3C
FUN_01e089f8,0x01E089F8,0x008938,0x50
FUN_01e08a48,0x01E08A48,0x008988,0x20
FUN_01e08a68,0x01E08A68,0x0089A8,0x34
FUN_01e08a9c,0x01E08A9C,0x0089DC,0x6A
FUN_01e08b06,0x01E08B06,0x008A46,0x20
FUN_01e08b26,0x01E08B26,0x008A66,0x2A
FUN_01e08b50,0x01E08B50,0x008A90,0x2A
FUN_01e08b7a,0x01E08B7A,0x008ABA,0x62
FUN_01e08bdc,0x01E08BDC,0x008B1C,0x96
FUN_01e08c72,0x01E08C72,0x008BB2,0x32
FUN_01e08ca4,0x01E08CA4,0x008BE4,0x28
FUN_01e08ccc,0x01E08CCC,0x008C0C,0xBC
FUN_01e08d88,0x01E08D88,0x008CC8,0x20C
FUN_01e08f94,0x01E08F94,0x008ED4,0x1BA
FUN_01e0914e,0x01E0914E,0x00908E,0xD0
FUN_01e0921e,0x01E0921E,0x00915E,0x24
FUN_01e09242,0x01E09242,0x009182,0x22
FUN_01e09264,0x01E09264,0x0091A4,0x32
FUN_01e09296,0x01E09296,0x0091D6,0x26
FUN_01e092bc,0x01E092BC,0x0091FC,0x3E6
FUN_01e096a2,0x01E096A2,0x0095E2,0x2C
FUN_01e096ce,0x01E096CE,0x00960E,0xE4
FUN_01e097b2,0x01E097B2,0x0096F2,0x108
FUN_01e098ba,0x01E098BA,0x0097FA,0x158
FUN_01e09a12,0x01E09A12,0x009952,0x3A
FUN_01e09a4c,0x01E09A4C,0x00998C,0x32
FUN_01e09a7e,0x01E09A7E,0x0099BE,0x3C
FUN_01e09aba,0x01E09ABA,0x0099FA,0x42
FUN_01e09afc,0x01E09AFC,0x009A3C,0x40
FUN_01e09b3c,0x01E09B3C,0x009A7C,0x5C
FUN_01e09b98,0x01E09B98,0x009AD8,0x58
FUN_01e09bf0,0x01E09BF0,0x009B30,0x4E
FUN_01e09c3e,0x01E09C3E,0x009B7E,0x3E
FUN_01e09c7c,0x01E09C7C,0x009BBC,0x13E
FUN_01e09dba,0x01E09DBA,0x009CFA,0x30
FUN_01e09dea,0x01E09DEA,0x009D2A,0xF4
FUN_01e09ede,0x01E09EDE,0x009E1E,0x40
FUN_01e09f1e,0x01E09F1E,0x009E5E,0x74
FUN_01e09f92,0x01E09F92,0x009ED2,0x82
FUN_01e0a014,0x01E0A014,0x009F54,0x1AE2
FUN_01e0baf6,0x01E0BAF6,0x00BA36,0x1546
FUN_01e0d03c,0x01E0D03C,0x00CF7C,0x20
FUN_01e0d05c,0x01E0D05C,0x00CF9C,0x412
FUN_01e0d46e,0x01E0D46E,0x00D3AE,0x42
FUN_01e0d4b0,0x01E0D4B0,0x00D3F0,0xA4
FUN_01e0d554,0x01E0D554,0x00D494,0x90
FUN_01e0d5e4,0x01E0D5E4,0x00D524,0x34
FUN_01e0d618,0x01E0D618,0x00D558,0x1C
FUN_01e0d634,0x01E0D634,0x00D574,0x52
FUN_01e0d686,0x01E0D686,0x00D5C6,0x62
FUN_01e0d6e8,0x01E0D6E8,0x00D628,0x40
FUN_01e0d728,0x01E0D728,0x00D668,0x24
FUN_01e0d74c,0x01E0D74C,0x00D68C,0x18
FUN_01e0d764,0x01E0D764,0x00D6A4,0x134
FUN_01e0d898,0x01E0D898,0x00D7D8,0x55A
FUN_01e0ddf2,0x01E0DDF2,0x00DD32,0x1C
FUN_01e0de0e,0x01E0DE0E,0x00DD4E,0x6A
FUN_01e0de78,0x01E0DE78,0x00DDB8,0x48
FUN_01e0dec0,0x01E0DEC0,0x00DE00,0xD0
FUN_01e0df90,0x01E0DF90,0x00DED0,0x24
FUN_01e0dfb4,0x01E0DFB4,0x00DEF4,0x11E
FUN_01e0e0d2,0x01E0E0D2,0x00E012,0x1C0
FUN_01e0e292,0x01E0E292,0x00E1D2,0x64
FUN_01e0e2f6,0x01E0E2F6,0x00E236,0x4A
FUN_01e0e340,0x01E0E340,0x00E280,0x2E
FUN_01e0e36e,0x01E0E36E,0x00E2AE,0x94
FUN_01e0e402,0x01E0E402,0x00E342,0xFE
FUN_01e0e500,0x01E0E500,0x00E440,0x3DE
FUN_01e0e8de,0x01E0E8DE,0x00E81E,0x3A
FUN_01e0e918,0x01E0E918,0x00E858,0x1C2
FUN_01e0eada,0x01E0EADA,0x00EA1A,0x2BC
FUN_01e0ed96,0x01E0ED96,0x00ECD6,0x134
FUN_01e0eeca,0x01E0EECA,0x00EE0A,0x57A
FUN_01e0f444,0x01E0F444,0x00F384,0xA8
FUN_01e0f4ec,0x01E0F4EC,0x00F42C,0x3F00
FUN_01e133ec,0x01E133EC,0x01332C,0xA7E
FUN_01e13e6a,0x01E13E6A,0x013DAA,0x2
FUN_01e13e6c,0x01E13E6C,0x013DAC,0x40
FUN_01e13eac,0x01E13EAC,0x013DEC,0x1A2
FUN_01e1404e,0x01E1404E,0x013F8E,0x76
FUN_01e140c4,0x01E140C4,0x014004,0x3AE
FUN_01e14472,0x01E14472,0x0143B2,0x10
FUN_01e14482,0x01E14482,0x0143C2,0x5E
FUN_01e144e0,0x01E144E0,0x014420,0x54
FUN_01e14534,0x01E14534,0x014474,0x1C
FUN_01e14550,0x01E14550,0x014490,0x19C
FUN_01e146ec,0x01E146EC,0x01462C,0x2B8
FUN_01e149a4,0x01E149A4,0x0148E4,0x22
FUN_01e149c6,0x01E149C6,0x014906,0x20
FUN_01e149e6,0x01E149E6,0x014926,0xDA
FUN_01e14ac0,0x01E14AC0,0x014A00,0x24C
FUN_01e14d0c,0x01E14D0C,0x014C4C,0x1D2
FUN_01e14ede,0x01E14EDE,0x014E1E,0x48
FUN_01e14f26,0x01E14F26,0x014E66,0x2C4
FUN_01e151ea,0x01E151EA,0x01512A,0x5A6
FUN_01e15790,0x01E15790,0x0156D0,0x146
FUN_01e158d6,0x01E158D6,0x015816,0x6C0
FUN_01e15f96,0x01E15F96,0x015ED6,0x6
FUN_01e15f9c,0x01E15F9C,0x015EDC,0x86
FUN_01e16022,0x01E16022,0x015F62,0x36
FUN_01e16058,0x01E16058,0x015F98,0xC
FUN_01e16064,0x01E16064,0x015FA4,0xD4
FUN_01e16138,0x01E16138,0x016078,0xE
FUN_01e16146,0x01E16146,0x016086,0x22
FUN_01e16168,0x01E16168,0x0160A8,0x12
FUN_01e1617a,0x01E1617A,0x0160BA,0x2A
FUN_01e161a4,0x01E161A4,0x0160E4,0x12
FUN_01e161b6,0x01E161B6,0x0160F6,0x10
FUN_01e161c6,0x01E161C6,0x016106,0xE0
FUN_01e162a6,0x01E162A6,0x0161E6,0x15A
FUN_01e16400,0x01E16400,0x016340,0x26
FUN_01e16426,0x01E16426,0x016366,0x12
FUN_01e16438,0x01E16438,0x016378,0x14
FUN_01e1644c,0x01E1644C,0x01638C,0x18E
FUN_01e165da,0x01E165DA,0x01651A,0x12C
FUN_01e16706,0x01E16706,0x016646,0x18
FUN_01e1671e,0x01E1671E,0x01665E,0x34
FUN_01e16752,0x01E16752,0x016692,0x24
FUN_01e16776,0x01E16776,0x0166B6,0x14
FUN_01e1678a,0x01E1678A,0x0166CA,0x4
FUN_01e1678e,0x01E1678E,0x0166CE,0x14
FUN_01e167a2,0x01E167A2,0x0166E2,0x7AE
FUN_01e16f50,0x01E16F50,0x016E90,0x8
FUN_01e16f58,0x01E16F58,0x016E98,0x18
FUN_01e16f70,0x01E16F70,0x016EB0,0x7A
FUN_01e16fea,0x01E16FEA,0x016F2A,0x622
FUN_01e1760c,0x01E1760C,0x01754C,0x55A
FUN_01e17b66,0x01E17B66,0x017AA6,0x84A
FUN_01e183b0,0x01E183B0,0x0182F0,0x148
FUN_01e184f8,0x01E184F8,0x018438,0x4
FUN_01e184fc,0x01E184FC,0x01843C,0xA
FUN_01e18506,0x01E18506,0x018446,0xE2
FUN_01e185e8,0x01E185E8,0x018528,0x14C
FUN_01e18734,0x01E18734,0x018674,0x148
FUN_01e1887c,0x01E1887C,0x0187BC,0x1E
FUN_01e1889a,0x01E1889A,0x0187DA,0x22
FUN_01e188bc,0x01E188BC,0x0187FC,0x2D4
FUN_01e18b90,0x01E18B90,0x018AD0,0xB0
FUN_01e18c40,0x01E18C40,0x018B80,0xF0
FUN_01e18d30,0x01E18D30,0x018C70,0x36
FUN_01e18d66,0x01E18D66,0x018CA6,0x310
FUN_01e19076,0x01E19076,0x018FB6,0x4C
FUN_01e190c2,0x01E190C2,0x019002,0x36
FUN_01e190f8,0x01E190F8,0x019038,0x2C4
FUN_01e193bc,0x01E193BC,0x0192FC,0x5A
FUN_01e19416,0x01E19416,0x019356,0x3C
FUN_01e19452,0x01E19452,0x019392,0x8F68
FUN_01e223ba,0x01E223BA,0x0222FA,0xC2
FUN_01e2247c,0x01E2247C,0x0223BC,0x12
FUN_01e2248e,0x01E2248E,0x0223CE,0x12
FUN_01e224a0,0x01E224A0,0x0223E0,0x3A
FUN_01e224da,0x01E224DA,0x02241A,0x116
FUN_01e225f0,0x01E225F0,0x022530,0x12C0
FUN_01e238b0,0x01E238B0,0x0237F0,0x292
FUN_01e23b42,0x01E23B42,0x023A82,0x10
FUN_01e23b52,0x01E23B52,0x023A92,0x14
FUN_01e23b66,0x01E23B66,0x023AA6,0x32
FUN_01e23b98,0x01E23B98,0x023AD8,0x158
FUN_01e23cf0,0x01E23CF0,0x023C30,0x7E
FUN_01e23d6e,0x01E23D6E,0x023CAE,0x652
FUN_01e243c0,0x01E243C0,0x024300,0x1C
FUN_01e243dc,0x01E243DC,0x02431C,0xB0
FUN_01e2448c,0x01E2448C,0x0243CC,0x22
FUN_01e244ae,0x01E244AE,0x0243EE,0x32
FUN_01e244e0,0x01E244E0,0x024420,0x26
FUN_01e24506,0x01E24506,0x024446,0xDC
FUN_01e245e2,0x01E245E2,0x024522,0x1A2
FUN_01e24784,0x01E24784,0x0246C4,0x436
FUN_01e24bba,0x01E24BBA,0x024AFA,0x68E
FUN_01e25248,0x01E25248,0x025188,0x14
FUN_01e2525c,0x01E2525C,0x02519C,0xC
FUN_01e25268,0x01E25268,0x0251A8,0xE
FUN_01e25276,0x01E25276,0x0251B6,0x2C
FUN_01e252a2,0x01E252A2,0x0251E2,0x336
FUN_01e255d8,0x01E255D8,0x025518,0x1E
FUN_01e255f6,0x01E255F6,0x025536,0x14
FUN_01e2560a,0x01E2560A,0x02554A,0xAA
FUN_01e256b4,0x01E256B4,0x0255F4,0x24
FUN_01e256d8,0x01E256D8,0x025618,0x12
FUN_01e256ea,0x01E256EA,0x02562A,0x26
FUN_01e25710,0x01E25710,0x025650,0x2A
FUN_01e2573a,0x01E2573A,0x02567A,0x5C8
FUN_01e25d02,0x01E25D02,0x025C42,0x3C
FUN_01e25d3e,0x01E25D3E,0x025C7E,0x698
FUN_01e263d6,0x01E263D6,0x026316,0x32A
FUN_01e26700,0x01E26700,0x026640,0x9E
FUN_01e2679e,0x01E2679E,0x0266DE,0xA0
FUN_01e2683e,0x01E2683E,0x02677E,0x148
FUN_01e26986,0x01E26986,0x0268C6,0x1C2
FUN_01e26b48,0x01E26B48,0x026A88,0x14
FUN_01e26b5c,0x01E26B5C,0x026A9C,0x24
FUN_01e26b80,0x01E26B80,0x026AC0,0x24
FUN_01e26ba4,0x01E26BA4,0x026AE4,0x68
FUN_01e26c0c,0x01E26C0C,0x026B4C,0x9E
FUN_01e26caa,0x01E26CAA,0x026BEA,0x5A
FUN_01e26d04,0x01E26D04,0x026C44,0x1E8
FUN_01e26eec,0x01E26EEC,0x026E2C,0xE0
FUN_01e26fcc,0x01E26FCC,0x026F0C,0x2C
FUN_01e26ff8,0x01E26FF8,0x026F38,0x50
FUN_01e27048,0x01E27048,0x026F88,0x111A
FUN_01e28162,0x01E28162,0x0280A2,0x332
FUN_01e28494,0x01E28494,0x0283D4,0x5DA
FUN_01e28a6e,0x01E28A6E,0x0289AE,0xBA
FUN_01e28b28,0x01E28B28,0x028A68,0xE
FUN_01e28b36,0x01E28B36,0x028A76,0x740
FUN_01e29276,0x01E29276,0x0291B6,0x30
FUN_01e292a6,0x01E292A6,0x0291E6,0x2A
FUN_01e292d0,0x01E292D0,0x029210,0x140
FUN_01e29410,0x01E29410,0x029350,0x32
FUN_01e29442,0x01E29442,0x029382,0x1E
FUN_01e29460,0x01E29460,0x0293A0,0x3A
FUN_01e2949a,0x01E2949A,0x0293DA,0xB6
FUN_01e29550,0x01E29550,0x029490,0xCC
FUN_01e2961c,0x01E2961C,0x02955C,0x70
FUN_01e2968c,0x01E2968C,0x0295CC,0x18E
FUN_01e2981a,0x01E2981A,0x02975A,0xEFA
FUN_01e2a714,0x01E2A714,0x02A654,0x24
FUN_01e2a738,0x01E2A738,0x02A678,0x36
FUN_01e2a76e,0x01E2A76E,0x02A6AE,0x1328
FUN_01e2ba96,0x01E2BA96,0x02B9D6,0x20
FUN_01e2bab6,0x01E2BAB6,0x02B9F6,0x4F6
FUN_01e2bfac,0x01E2BFAC,0x02BEEC,0x100
FUN_01e2c0ac,0x01E2C0AC,0x02BFEC,0x1FC4
FUN_01e2e070,0x01E2E070,0x02DFB0,0x34
FUN_01e2e0a4,0x01E2E0A4,0x02DFE4,0x20
FUN_01e2e0c4,0x01E2E0C4,0x02E004,0xD8
FUN_01e2e19c,0x01E2E19C,0x02E0DC,0x26
FUN_01e2e1c2,0x01E2E1C2,0x02E102,0x26
FUN_01e2e1e8,0x01E2E1E8,0x02E128,0x1C
FUN_01e2e204,0x01E2E204,0x02E144,0x40
FUN_01e2e244,0x01E2E244,0x02E184,0x4C
FUN_01e2e290,0x01E2E290,0x02E1D0,0x22
FUN_01e2e2b2,0x01E2E2B2,0x02E1F2,0x10
FUN_01e2e2c2,0x01E2E2C2,0x02E202,0x3A
FUN_01e2e2fc,0x01E2E2FC,0x02E23C,0x60
FUN_01e2e35c,0x01E2E35C,0x02E29C,0x58
FUN_01e2e3b4,0x01E2E3B4,0x02E2F4,0x30
FUN_01e2e3e4,0x01E2E3E4,0x02E324,0x30
FUN_01e2e414,0x01E2E414,0x02E354,0x18
FUN_01e2e42c,0x01E2E42C,0x02E36C,0x28
FUN_01e2e454,0x01E2E454,0x02E394,0x5C
FUN_01e2e4b0,0x01E2E4B0,0x02E3F0,0x202
FUN_01e2e6b2,0x01E2E6B2,0x02E5F2,0x1A
FUN_01e2e6cc,0x01E2E6CC,0x02E60C,0x284
FUN_01e2e950,0x01E2E950,0x02E890,0x1A
FUN_01e2e96a,0x01E2E96A,0x02E8AA,0xBC
FUN_01e2ea26,0x01E2EA26,0x02E966,0x2E
FUN_01e2ea54,0x01E2EA54,0x02E994,0x5E
FUN_01e2eab2,0x01E2EAB2,0x02E9F2,0x5A
FUN_01e2eb0c,0x01E2EB0C,0x02EA4C,0x50
FUN_01e2eb5c,0x01E2EB5C,0x02EA9C,0x14
FUN_01e2eb70,0x01E2EB70,0x02EAB0,0x382
FUN_01e2eef2,0x01E2EEF2,0x02EE32,0x18
FUN_01e2ef0a,0x01E2EF0A,0x02EE4A,0x18
FUN_01e2ef22,0x01E2EF22,0x02EE62,0x24
FUN_01e2ef46,0x01E2EF46,0x02EE86,0x2CE
FUN_01e2f214,0x01E2F214,0x02F154,0xA2
FUN_01e2f2b6,0x01E2F2B6,0x02F1F6,0x7A6
FUN_01e2fa5c,0x01E2FA5C,0x02F99C,0x14
FUN_01e2fa70,0x01E2FA70,0x02F9B0,0x20
FUN_01e2fa90,0x01E2FA90,0x02F9D0,0x1A
FUN_01e2faaa,0x01E2FAAA,0x02F9EA,0x24E
FUN_01e2fcf8,0x01E2FCF8,0x02FC38,0x452
FUN_01e3014a,0x01E3014A,0x03008A,0x6C8
FUN_01e30812,0x01E30812,0x030752,0x278
FUN_01e30a8a,0x01E30A8A,0x0309CA,0x7A
FUN_01e30b04,0x01E30B04,0x030A44,0x2220
FUN_01e32d24,0x01E32D24,0x032C64,0x40
FUN_01e32d64,0x01E32D64,0x032CA4,0x5E8
FUN_01e3334c,0x01E3334C,0x03328C,0x48A
FUN_01e337d6,0x01E337D6,0x033716,0x2E4
FUN_01e33aba,0x01E33ABA,0x0339FA,0x1872
FUN_01e3532c,0x01E3532C,0x03526C,0x472
FUN_01e3579e,0x01E3579E,0x0356DE,0x90
FUN_01e3582e,0x01E3582E,0x03576E,0xBA
FUN_01e358e8,0x01E358E8,0x035828,0xA8
FUN_01e35990,0x01E35990,0x0358D0,0x12
FUN_01e359a2,0x01E359A2,0x0358E2,0x11A
FUN_01e35abc,0x01E35ABC,0x0359FC,0xA6
FUN_01e35b62,0x01E35B62,0x035AA2,0xA4
FUN_01e35c06,0x01E35C06,0x035B46,0x16E
FUN_01e35d74,0x01E35D74,0x035CB4,0xA
FUN_01e35d7e,0x01E35D7E,0x035CBE,0xC
FUN_01e35d8a,0x01E35D8A,0x035CCA,0xFE
FUN_01e35e88,0x01E35E88,0x035DC8,0xCE
FUN_01e35f56,0x01E35F56,0x035E96,0xF2
FUN_01e36048,0x01E36048,0x035F88,0x62
FUN_01e360aa,0x01E360AA,0x035FEA,0xF0
FUN_01e3619a,0x01E3619A,0x0360DA,0x62
FUN_01e361fc,0x01E361FC,0x03613C,0x36
FUN_01e36232,0x01E36232,0x036172,0x42
FUN_01e36274,0x01E36274,0x0361B4,0x5E
FUN_01e362d2,0x01E362D2,0x036212,0x52
FUN_01e36324,0x01E36324,0x036264,0x26
FUN_01e3634a,0x01E3634A,0x03628A,0x1C
FUN_01e36366,0x01E36366,0x0362A6,0x80
FUN_01e363e6,0x01E363E6,0x036326,0xBA
FUN_01e364a0,0x01E364A0,0x0363E0,0x240
FUN_01e366e0,0x01E366E0,0x036620,0xB4
FUN_01e36794,0x01E36794,0x0366D4,0x4A
FUN_01e367de,0x01E367DE,0x03671E,0x58
FUN_01e36836,0x01E36836,0x036776,0x12
FUN_01e36848,0x01E36848,0x036788,0xE0
FUN_01e36928,0x01E36928,0x036868,0x4C
FUN_01e36974,0x01E36974,0x0368B4,0x12
FUN_01e36986,0x01E36986,0x0368C6,0x64
FUN_01e369ea,0x01E369EA,0x03692A,0x60
FUN_01e36a4a,0x01E36A4A,0x03698A,0x14
FUN_01e36a5e,0x01E36A5E,0x03699E,0xC
FUN_01e36a6a,0x01E36A6A,0x0369AA,0x48
FUN_01e36ab2,0x01E36AB2,0x0369F2,0x18
FUN_01e36aca,0x01E36ACA,0x036A0A,0x64
FUN_01e36b2e,0x01E36B2E,0x036A6E,0x74
FUN_01e36ba2,0x01E36BA2,0x036AE2,0x2A
FUN_01e36bcc,0x01E36BCC,0x036B0C,0x90
FUN_01e36c5c,0x01E36C5C,0x036B9C,0x32E
FUN_01e36f8a,0x01E36F8A,0x036ECA,0xC
FUN_01e36f96,0x01E36F96,0x036ED6,0x34
FUN_01e36fca,0x01E36FCA,0x036F0A,0xA4
FUN_01e3706e,0x01E3706E,0x036FAE,0x1A
FUN_01e37088,0x01E37088,0x036FC8,0xC
FUN_01e37094,0x01E37094,0x036FD4,0x26
FUN_01e370ba,0x01E370BA,0x036FFA,0x14
FUN_01e370ce,0x01E370CE,0x03700E,0x26
FUN_01e370f4,0x01E370F4,0x037034,0x5E
FUN_01e37152,0x01E37152,0x037092,0xCC
FUN_01e3721e,0x01E3721E,0x03715E,0xE
FUN_01e3722c,0x01E3722C,0x03716C,0x6
FUN_01e37232,0x01E37232,0x037172,0x2D6
FUN_01e37508,0x01E37508,0x037448,0x4A
FUN_01e37552,0x01E37552,0x037492,0x19E
FUN_01e376f0,0x01E376F0,0x037630,0x26
FUN_01e37716,0x01E37716,0x037656,0x54
FUN_01e3776a,0x01E3776A,0x0376AA,0x24
FUN_01e3778e,0x01E3778E,0x0376CE,0x42
FUN_01e377d0,0x01E377D0,0x037710,0x3A
FUN_01e3780a,0x01E3780A,0x03774A,0x64
FUN_01e3786e,0x01E3786E,0x0377AE,0x2A
FUN_01e37898,0x01E37898,0x0377D8,0xF8
FUN_01e37990,0x01E37990,0x0378D0,0x24
FUN_01e379b4,0x01E379B4,0x0378F4,0xA
FUN_01e379be,0x01E379BE,0x0378FE,0x2E
FUN_01e379ec,0x01E379EC,0x03792C,0x70
FUN_01e37a5c,0x01E37A5C,0x03799C,0xAE
FUN_01e37b0a,0x01E37B0A,0x037A4A,0x68
FUN_01e37b72,0x01E37B72,0x037AB2,0x1BC
FUN_01e37d2e,0x01E37D2E,0x037C6E,0x22
FUN_01e37d50,0x01E37D50,0x037C90,0x5E
FUN_01e37dae,0x01E37DAE,0x037CEE,0x28
FUN_01e37dd6,0x01E37DD6,0x037D16,0xC8
FUN_01e37e9e,0x01E37E9E,0x037DDE,0x1A
FUN_01e37eb8,0x01E37EB8,0x037DF8,0xE0
FUN_01e37f98,0x01E37F98,0x037ED8,0x34
FUN_01e37fcc,0x01E37FCC,0x037F0C,0x86
FUN_01e38052,0x01E38052,0x037F92,0xD4
FUN_01e38126,0x01E38126,0x038066,0x60
FUN_01e38186,0x01E38186,0x0380C6,0x4
FUN_01e3818a,0x01E3818A,0x0380CA,0x50
FUN_01e381da,0x01E381DA,0x03811A,0x7C
FUN_01e38256,0x01E38256,0x038196,0x10
FUN_01e38266,0x01E38266,0x0381A6,0x88
FUN_01e382ee,0x01E382EE,0x03822E,0x2E6
FUN_01e385d4,0x01E385D4,0x038514,0x1452
FUN_01e39a26,0x01E39A26,0x039966,0x21A
FUN_01e39c40,0x01E39C40,0x039B80,0x502
FUN_01e3a142,0x01E3A142,0x03A082,0x3470
FUN_01e3d5b2,0x01E3D5B2,0x03D4F2,0x21E
FUN_01e3d7d0,0x01E3D7D0,0x03D710,0xC
FUN_01e3d7dc,0x01E3D7DC,0x03D71C,0x138
FUN_01e3d914,0x01E3D914,0x03D854,0x92A
FUN_01e3e23e,0x01E3E23E,0x03E17E,0xA0
FUN_01e3e2de,0x01E3E2DE,0x03E21E,0x42
FUN_01e3e320,0x01E3E320,0x03E260,0x2B4
FUN_01e3e5d4,0x01E3E5D4,0x03E514,0x62
FUN_01e3e636,0x01E3E636,0x03E576,0x20
FUN_01e3e656,0x01E3E656,0x03E596,0x50
FUN_01e3e6a6,0x01E3E6A6,0x03E5E6,0x1A
FUN_01e3e6c0,0x01E3E6C0,0x03E600,0x54
FUN_01e3e714,0x01E3E714,0x03E654,0x3C4
FUN_01e3ead8,0x01E3EAD8,0x03EA18,0x4
FUN_01e3eadc,0x01E3EADC,0x03EA1C,0x4C6
FUN_01e3efa2,0x01E3EFA2,0x03EEE2,0x1C42
FUN_01e40be4,0x01E40BE4,0x040B24,0x3C
FUN_01e40c20,0x01E40C20,0x040B60,0x40
FUN_01e40c60,0x01E40C60,0x040BA0,0x76
FUN_01e40cd6,0x01E40CD6,0x040C16,0x1C
FUN_01e40cf2,0x01E40CF2,0x040C32,0x1A
FUN_01e40d0c,0x01E40D0C,0x040C4C,0xE4
FUN_01e40df0,0x01E40DF0,0x040D30,0x40
FUN_01e40e30,0x01E40E30,0x040D70,0x34
FUN_01e40e64,0x01E40E64,0x040DA4,0x28
FUN_01e40e8c,0x01E40E8C,0x040DCC,0x5E
FUN_01e40eea,0x01E40EEA,0x040E2A,0x620E
